<?xml version="1.0" encoding="UTF-8"?>
<radiru_config>

	<!-- お知らせ -->
	<info><![CDATA[/radio/include/oshirase.txt]]></info>
	
	<!-- 各地域のストリームURL -->
	<stream_url>
		<data>
			<areajp>札幌</areajp>
			<area>sapporo</area>
			<apikey>700</apikey>
			<areakey>010</areakey>
			
			<r1hls><![CDATA[https://simul.drdi.st.nhk/live/6/joined/master.m3u8]]></r1hls>
			<r2hls><![CDATA[https://simul.drdi.st.nhk/live/4/joined/master.m3u8]]></r2hls>
			<fmhls><![CDATA[https://simul.drdi.st.nhk/live/7/joined/master.m3u8]]></fmhls>
			
		</data>
		<data>
			<areajp>仙台</areajp>
			<area>sendai</area>
			<apikey>600</apikey>
			<areakey>040</areakey>
			
			<r1hls><![CDATA[https://simul.drdi.st.nhk/live/8/joined/master.m3u8]]></r1hls>
			<r2hls><![CDATA[https://simul.drdi.st.nhk/live/4/joined/master.m3u8]]></r2hls>
			<fmhls><![CDATA[https://simul.drdi.st.nhk/live/9/joined/master.m3u8]]></fmhls>
			
		</data>
		<data>
			<areajp>東京</areajp>
			<area>tokyo</area>
			<apikey>001</apikey>
			<areakey>130</areakey>

			<r1hls><![CDATA[https://simul.drdi.st.nhk/live/3/joined/master.m3u8]]></r1hls>
			<r2hls><![CDATA[https://simul.drdi.st.nhk/live/4/joined/master.m3u8]]></r2hls>
			<fmhls><![CDATA[https://simul.drdi.st.nhk/live/5/joined/master.m3u8]]></fmhls>
		</data>
		<data>
			<areajp>名古屋</areajp>
			<area>nagoya</area>
			<apikey>300</apikey>
			<areakey>230</areakey>
			
			<r1hls><![CDATA[https://simul.drdi.st.nhk/live/10/joined/master.m3u8]]></r1hls>
			<r2hls><![CDATA[https://simul.drdi.st.nhk/live/4/joined/master.m3u8]]></r2hls>
			<fmhls><![CDATA[https://simul.drdi.st.nhk/live/11/joined/master.m3u8]]></fmhls>
			
		</data>
		<data>
			<areajp>大阪</areajp>
			<area>osaka</area>
			<apikey>200</apikey>
			<areakey>270</areakey>
			
			<r1hls><![CDATA[https://simul.drdi.st.nhk/live/12/joined/master.m3u8]]></r1hls>
			<r2hls><![CDATA[https://simul.drdi.st.nhk/live/4/joined/master.m3u8]]></r2hls>
			<fmhls><![CDATA[https://simul.drdi.st.nhk/live/13/joined/master.m3u8]]></fmhls>
			
		</data>
		<data>
			<areajp>広島</areajp>
			<area>hiroshima</area>
			<apikey>400</apikey>
			<areakey>340</areakey>
			
			<r1hls><![CDATA[https://simul.drdi.st.nhk/live/14/joined/master.m3u8]]></r1hls>
			<r2hls><![CDATA[https://simul.drdi.st.nhk/live/4/joined/master.m3u8]]></r2hls>
			<fmhls><![CDATA[https://simul.drdi.st.nhk/live/15/joined/master.m3u8]]></fmhls>
			
		</data>
		<data>
			<areajp>松山</areajp>
			<area>matsuyama</area>
			<apikey>800</apikey>
			<areakey>380</areakey>
			
			<r1hls><![CDATA[https://simul.drdi.st.nhk/live/16/joined/master.m3u8]]></r1hls>
			<r2hls><![CDATA[https://simul.drdi.st.nhk/live/4/joined/master.m3u8]]></r2hls>
			<fmhls><![CDATA[https://simul.drdi.st.nhk/live/17/joined/master.m3u8]]></fmhls>
			
		</data>
		<data>
			<areajp>福岡</areajp>
			<area>fukuoka</area>
			<apikey>501</apikey>
			<areakey>400</areakey>
			
			<r1hls><![CDATA[https://simul.drdi.st.nhk/live/18/joined/master.m3u8]]></r1hls>
			<r2hls><![CDATA[https://simul.drdi.st.nhk/live/4/joined/master.m3u8]]></r2hls>
			<fmhls><![CDATA[https://simul.drdi.st.nhk/live/19/joined/master.m3u8]]></fmhls>
			
		</data>
	</stream_url>
	
	<!-- noa api -->
	<url_program_noa><![CDATA[//api.nhk.jp/r7/pg/now/radio/{area}/now.json]]></url_program_noa>

	<!-- program detail api -->
	<url_program_day><![CDATA[//api.nhk.jp/r7/pg/date/{service}/{area}/[YYYY-MM-DD].json]]></url_program_day>

	<!-- program info api -->
	<url_program_detail><![CDATA[//api.nhk.jp/r7/t/broadcastevent/be/{broadcastEventId}.json]]></url_program_detail>

	<!-- tweet cgi @radiru -->
	<radiru_twitter_timeline><![CDATA[//cgi4.nhk.or.jp/tweet/api/tweet.cgi?twname=nhk_radiru]]></radiru_twitter_timeline>

</radiru_config>